Długość Geograficzna;Szerokość Geograficzna;ID Słupka;Typ Przystanku
16.95920382;51.14058982;12731;3
17.12491458;51.16218975;29507;3
16.94969305;51.14400742;18502;3
17.10399465;51.11387120;24321;3
16.99613211;51.09848461;11405;03
17.02953113;51.09788940;11331;3
16.86380310;51.14339947;18313;3
16.99875649;51.07064579;16507;3
17.02379017;51.05678676;26313;3
17.13041532;51.14235831;29320;3
16.96866059;51.07647649;17106;3
17.10543835;51.13317158;24121;3
16.97673775;51.09037928;11609;0
17.01939388;51.10713314;10381;3
17.00911955;51.13490428;23105;3
16.85467826;51.14920855;18364;3
16.84988427;51.12015409;17721;3
17.01160242;51.17531415;23534;3
17.03305850;51.07525692;21110;3
17.03429734;51.11727839;20611;0
17.04676749;51.10604560;20200;0
17.03388429;51.09990482;10226;0
16.99194654;51.17657613;23511;3
16.99364040;51.13765168;23301;3
17.05636847;51.11984442;20851;03
17.02726150;51.09502822;11330;3
16.98320660;51.12548815;12205;0
17.13790104;51.13492438;29305;3
17.07586716;51.06271576;25317;3
16.96033939;51.13623568;12510;3
17.01964550;51.13389616;23103;3
16.95489970;51.09673394;17308;3
17.00722819;51.07486132;11216;0
17.07945918;51.13226101;24131;3
17.07172068;51.10840913;24422;0
17.00209835;51.06012868;26329;3
17.00015824;51.08978035;11553;3
16.85024757;51.12008382;17722;3
17.00836760;51.09342279;11522;3
16.84509139;51.11323640;17733;3
17.02736426;51.16652358;23537;3
16.99597183;51.06130496;16509;3
17.05994282;51.09331094;25001;0
17.01136519;51.07060362;16522;3
17.10214578;51.12841711;24016;0
16.86909655;51.14650851;18372;3
16.90630060;51.19172106;18715;3
17.09266883;51.05149366;25312;3
17.00991013;51.06494947;26328;3
17.01147232;51.08672840;11352;3
17.01528337;51.11908353;10525;3
16.99164966;51.17663308;23512;3
17.01892611;51.08478995;11361;3
16.84817259;51.13160815;18320;3
16.91385027;51.12698017;17730;3
17.03061681;51.13663183;23144;3
16.88189904;51.16532640;18733;3
17.03026068;51.12246162;10704;3
17.02253107;51.11222440;10451;0
16.94541343;51.12103051;12128;3
17.04291123;51.14868290;23170;3
17.03154943;51.09186401;21153;3
16.88550957;51.15399128;18126;3
17.00010859;51.11190802;10545;3
17.11197282;51.16397081;29533;3
17.02048757;51.11208496;10401;0
17.01656596;51.08129653;11356;3
16.87935805;51.14968423;18123;3
17.03027131;51.14736909;23019;0
17.06830653;51.08783360;25110;3
17.11190724;51.16422799;29534;3
17.03224846;51.06315724;26306;3
16.90246771;51.12729732;17709;3
17.06588865;51.13226193;24004;0
17.08647569;51.05897038;25310;3
17.01796144;51.11340955;10538;3
17.05371918;51.13800702;23712;3
17.02933929;51.15132017;23521;3
16.88022093;51.14516219;18109;3
17.10369909;51.11394367;24322;3
17.05609761;51.12863458;20729;3
17.02467005;51.08351956;11234;0
17.07474937;51.10927175;24532;3
16.85418764;51.14730945;18344;3
17.03326061;51.11701185;10716;3
16.94019984;51.14647479;18520;3
17.03121631;51.06226353;26333;3
17.12302758;51.09515536;25509;3
17.06736264;51.10147354;25516;3
17.05464272;51.12838049;20629;0
16.97206692;51.07632581;17108;3
17.05884177;51.08374351;21148;3
17.03633492;51.13530226;23014;0
16.88673049;51.16680520;18730;3
17.00848546;51.09215589;11536;3
17.03259792;51.05829834;26322;3
16.86740812;51.14622765;18351;3
17.06254965;51.11195739;20921;3
17.10984204;51.15021055;29513;3
17.11099890;51.14555136;29103;3
17.11869287;51.14396509;29123;3
17.03271467;51.13956090;23124;3
16.86003960;51.15019486;18305;3
17.00165188;51.09966574;11404;03
17.03298048;51.09657450;21102;3
17.02518704;51.09747772;11202;0
17.01003847;51.08372393;11337;3
17.00381203;51.08460414;11546;3
17.03022763;51.14842303;23128;3
17.03372270;51.15602959;23542;3
17.07257073;51.10851512;24421;03
16.99038020;51.08415955;11746;3
16.97952812;51.06395508;16704;3
16.98871068;51.11247574;12104;3
17.04047812;51.12345406;20683;0
17.02895604;51.15066734;23522;3
16.97711809;51.09058305;11720;3
17.00377946;51.17087926;23518;3
17.03647045;51.13539399;23013;0
17.02568772;51.09776564;11326;3
17.07556991;51.14868426;23722;3
17.08363569;51.07784304;25114;3
17.10950516;51.10103224;24508;03
17.13404861;51.16010196;29523;3
17.05995961;51.11144435;20824;03
17.02983653;51.10203902;10366;3
16.90660196;51.17470500;18714;3
17.01149673;51.08651261;11252;0
16.84393441;51.12141760;17723;3
16.94237977;51.10090616;17317;3
16.96409542;51.14128352;12609;0
17.04937482;51.08255773;21023;0
16.94553558;51.14883873;18504;3
16.83332759;51.15008409;18347;3
16.97515087;51.19664243;23515;3
16.99899846;51.16545747;23505;3
16.95578726;51.05867841;16716;3
16.93443209;51.13850605;18101;3
16.94689792;51.09694613;17306;3
16.95050781;51.13642898;12505;3
16.92406355;51.15757455;18533;3
16.95088129;51.12393772;32903;3
17.00595456;51.07173401;16402;0
17.03222223;51.14097658;23015;0
17.00696258;51.11314781;10405;0
16.91687379;51.12367506;17706;3
17.02530179;51.10203788;10376;3
17.11707985;51.11410080;24704;3
17.06690582;51.11336312;20825;03
17.02981513;51.13701510;23009;0
17.06987492;51.14026923;23718;3
16.95219543;51.11161603;12131;3
17.12978097;51.14239781;29319;3
16.94431436;51.14512477;18544;3
17.06585948;51.13235660;24005;0
16.96391602;51.07763598;17104;3
17.06466995;51.07779229;21151;3
17.03017448;51.13778407;23010;0
17.03100195;51.11789227;10655;03
17.02366993;51.17006283;23531;3
16.85618358;51.15138314;18361;3
17.01374986;51.10123821;10386;3
16.98664037;51.12945148;12316;3
17.01640170;51.13623004;23112;3
17.07782183;51.12435179;24306;3
16.87199486;51.14518058;18302;3
17.12631936;51.14049941;29301;3
16.97192044;51.12212047;12513;3
17.09109801;51.11354366;24314;3
16.95485817;51.12623547;12520;3
16.86561160;51.14783867;18304;3
17.09717648;51.12989004;24117;3
16.92681824;51.15225132;18535;3
17.01624043;51.09167744;11345;3
17.05212770;51.11362563;20810;0
17.08421204;51.10432782;24407;0
17.06182569;51.07732670;21158;3
17.03023265;51.09328154;11035;0
16.94951263;51.12294021;12904;3
17.01068560;51.15705249;23154;3
16.98681382;51.12390232;12306;3
16.96717920;51.13072758;12405;0
16.88690309;51.14114738;18144;3
17.05995315;51.06605810;26111;3
17.03222910;51.09430132;21101;3
16.98787062;51.05796428;16724;3
17.13294218;51.09218353;25518;3
17.03025905;51.12246241;10604;0
17.00788626;51.11323863;10505;3
17.04598650;51.16252721;23557;3
16.89370571;51.16018894;18130;3
17.02810344;51.16483958;23527;3
17.07823928;51.12419286;24305;3
17.05021796;51.11344416;20811;0
17.01833332;51.07676668;11238;0
17.12921841;51.09483359;25511;3
17.06571788;51.13261699;24143;3
17.04326798;51.11708721;20657;0
16.99230108;51.08867405;11742;3
17.01029125;51.08368029;11212;0
17.05928680;51.06628391;26112;3
17.02866719;51.08988892;11231;0
17.02315084;51.05765754;26334;3
17.07731040;51.12057042;24304;3
17.09799238;51.11394125;24212;0
17.08075123;51.13174774;24113;3
16.96667228;51.13681062;12605;0
17.03110581;51.08314548;21177;3
16.97478780;51.06002887;16714;3
17.05971236;51.08352537;21147;3
16.87155483;51.14467369;18388;3
17.03248361;51.09301999;21113;3
17.01120749;51.08463579;11338;3
17.06548395;51.06487769;26113;3
17.08178619;51.13845252;24133;3
16.83427100;51.14977793;18346;3
16.87036722;51.14553829;18301;3
17.04959717;51.07712305;21139;3
17.07010305;51.14030861;23717;3
16.96386689;51.14137758;12732;3
17.02131223;51.14936007;23153;3
17.04468139;51.15920491;23555;3
17.07965542;51.13155531;24009;0
17.01464637;51.08893211;11317;3
16.85525774;51.15051240;18363;3
16.99927273;51.13651148;23109;3
16.99292232;51.15151264;23316;3
17.05034902;51.07940737;21127;3
17.09732665;51.06495031;25119;3
17.01912014;51.07739933;11364;3
16.97093801;51.12985328;12501;3
17.04211691;51.11750255;20621;03
16.99060405;51.14192030;23304;3
17.04626183;51.07715183;21029;0
16.95971075;51.13998833;12612;0
17.04984724;51.11330586;20932;3
17.08199474;51.11687817;24204;0
17.04929011;51.08347580;21014;0
16.97581130;51.06175785;16713;3
17.03254813;51.07472529;21109;3
16.91926529;51.16348599;18514;3
16.99407691;51.13736298;23204;0
16.94684781;51.09683829;17305;3
17.11583748;51.15074276;29512;3
17.04469824;51.13674858;23133;3
17.16343519;51.09732721;24717;3
17.00626128;51.05953181;26318;3
16.87142514;51.14479054;18385;3
17.00623189;51.07485496;11313;3
16.98537335;51.09186956;11723;3
17.10914151;51.10125726;24416;0
16.89113550;51.15592619;18127;3
17.13575373;51.14571167;29314;3
17.10253432;51.12796054;24135;3
17.04090971;51.11739488;20658;0
17.02280648;51.11223433;10535;3
17.05206422;51.11659529;20801;0
17.09788135;51.12987152;24014;0
17.04204126;51.11890241;20623;03
17.00042637;51.09947071;11403;03
16.92483451;51.12309268;17704;3
17.01492235;51.10561273;10383;3
16.89012427;51.16686498;18732;3
17.02022841;51.09810015;11324;3
17.01446461;51.07765009;11357;3
16.99127638;51.06699848;16500;3
16.95238558;51.08833406;17110;3
17.02810627;51.15433667;23524;3
16.96415159;51.07700272;17105;3
17.02547332;51.09804816;11325;3
17.04743347;51.10152287;20322;3
16.85582888;51.12029557;17719;3
17.03963685;51.10761120;10031;0
17.05054794;51.07678236;21140;3
16.97280207;51.10195069;12158;3
17.00403514;51.09717634;11514;3
16.99831943;51.13600487;23201;0
16.94488384;51.14609579;18531;3
17.05045843;51.11421655;20809;0
16.97474844;51.13885932;12715;3
17.06558812;51.13203256;24140;3
16.88115388;51.17570950;18728;3
16.84750134;51.11824079;17738;3
16.90989178;51.12608262;17707;3
16.95363942;51.07252593;17130;3
17.10841758;51.10945912;24521;3
17.03497352;51.11073818;10009;0
17.03902559;51.11040648;10026;0
17.11666655;51.14709329;29130;3
17.02061807;51.11270542;10500;3
17.03738253;51.10801931;10123;3
17.07609287;51.07545293;25301;3
16.97413031;51.06643762;17117;3
17.02069685;51.11189395;10402;0
17.04543891;51.10021609;20264;0
17.05238674;51.11655080;20901;3
16.95941434;51.13990208;12708;3
17.01836232;51.07697039;11237;0
17.02046816;51.11175003;10502;3
16.97377968;51.05882667;16715;3
17.03800726;51.10608875;10126;3
17.04370090;51.15293125;23551;3
17.12583922;51.16407187;29544;3
17.00743968;51.10107786;11401;03
17.01789534;51.15064715;23152;3
17.06514893;51.13222401;24101;3
17.05089848;51.09955855;20324;3
17.09092741;51.10375672;24409;0
17.08302653;51.11154662;24311;3
17.13678381;51.11116927;24722;3
17.09207314;51.10631313;24512;3
17.01291054;51.08681533;11304;3
16.95945079;51.14019832;12611;0
17.11666581;51.10210123;24527;3
16.95856194;51.11578449;12123;3
17.01378828;51.05859855;26315;3
16.93498947;51.13806349;18001;0
17.06091210;51.13938060;23714;3
17.00673612;51.08909645;11537;3
16.97664203;51.08990372;11719;3
17.03277662;51.09746411;21002;0
17.05544768;51.09705538;20215;03
16.90013996;51.14219770;18149;3
17.03915953;51.11038702;10027;0
16.96365272;51.07328329;17113;3
17.00940343;51.15747560;23156;3
17.02478235;51.11644952;10651;0
17.05758711;51.13577995;23732;3
17.01451089;51.10246148;10378;3
17.11606706;51.10254806;24509;3
17.03147708;51.09341995;21116;3
17.04766164;51.12632996;20631;03
17.08279215;51.11949066;24320;3
17.02937414;51.13828186;23143;3
16.87170533;51.14465232;18201;0
16.96830832;51.13747750;12720;3
17.02111604;51.13939937;23114;3
17.01235293;51.08676056;11209;0
17.00425630;51.13545586;23107;3
17.11049131;51.10563627;24517;3
16.99728755;51.09402381;11525;3
17.01119360;51.08568611;11309;3
17.02999796;51.10429039;10250;03
16.89055082;51.14377985;18108;3
17.01213820;51.11259735;10504;3
17.05862828;51.13846774;23734;3
17.00030381;51.11197428;10414;0
17.13998408;51.15575810;29118;3
17.08142457;51.13858413;24134;3
17.05190915;51.07591259;21129;3
17.03437046;51.08252808;21117;3
16.88084927;51.17600473;18727;3
17.02870737;51.15028811;23021;0
17.05431407;51.09989400;20204;03
16.86356216;51.15275873;18349;3
17.09276208;51.07588439;25145;3
17.00285237;51.12589238;10520;3
17.11912776;51.15496660;29504;3
16.92766462;51.15768905;18509;3
17.10551543;51.10603193;24519;3
17.01124817;51.13457753;23005;0
17.01942960;51.09297130;11327;3
17.14942686;51.14486480;29925;3
16.97544366;51.08766035;11613;0
17.00802948;51.08010372;11213;0
17.08546712;51.11244976;24222;0
17.04926393;51.08223021;21173;3
17.11051576;51.11854183;24728;3
16.93040721;51.14895167;18529;3
17.06301096;51.13237789;24112;3
17.12796916;51.16594097;29546;3
16.98342767;51.12527521;12206;03
16.87835713;51.16301252;18735;3
17.14666743;51.10464071;24719;3
16.92861708;51.13909237;18131;3
17.03389601;51.08930954;21103;3
17.07249222;51.06388945;26115;3
16.98525883;51.09175294;11657;0
16.95189576;51.11936253;12136;3
17.00377276;51.06786638;16511;3
16.92506800;51.12140131;17725;3
17.03100544;51.09213757;21112;3
16.94521253;51.10282257;17301;3
16.97060421;51.11257862;12151;3
17.05587279;51.11633455;20804;03
16.89119782;51.16740646;18721;3
17.08440741;51.07699976;25113;3
16.97507808;51.12318045;12511;3
17.04650330;51.08593976;21144;3
17.01193508;51.11287498;10403;0
16.88667267;51.17354363;18723;3
16.97565868;51.08811421;11731;3
17.06772428;51.10168472;25515;3
16.84765620;51.11874135;17737;3
17.05025445;51.11681938;20802;0
17.01766835;51.10849409;10551;3
17.06577831;51.13200849;24142;3
17.02880867;51.13859908;23140;3
16.97605757;51.12813817;12401;0
17.02720880;51.11106056;10103;3
17.00036260;51.11662829;10407;0
17.04464709;51.10257927;20320;3
17.05173998;51.07725261;21026;03
17.11105233;51.14950537;29514;3
17.08217030;51.11140173;24312;3
17.03090141;51.09197610;21111;3
16.92715410;51.15177222;18534;3
16.89774018;51.15451186;18739;3
17.06335752;51.11218871;20923;3
17.12000510;51.14968148;29105;3
17.06568138;51.13202206;24141;3
16.99844283;51.13591629;23202;0
17.12881623;51.11458176;24707;3
17.09002274;51.11704986;24208;0
17.12915965;51.16692221;29545;3
17.00400882;51.06973483;16523;3
17.04682845;51.08630245;21012;03
16.95673513;51.13382604;12525;3
16.99820221;51.07807396;16517;3
17.11592100;51.09508586;25517;3
17.04584472;51.12467151;20636;0
17.02050516;51.09852195;11323;3
17.01795905;51.09382143;11336;3
17.12912383;51.16611510;29525;3
16.99489050;51.06687356;16407;0
16.85312245;51.14754295;18343;3
17.07486393;51.06327639;25318;3
17.07746296;51.11978375;24303;3
16.91007516;51.10836023;17508;3
17.05998827;51.13834426;23733;3
16.98036215;51.07696327;17124;3
17.00999290;51.15794939;23155;3
17.11362995;51.12901127;24127;3
16.97567098;51.12842179;12321;3
16.90511506;51.14207053;18113;3
17.03329590;51.11640969;10712;3
17.06676238;51.11513397;20807;03
16.90059559;51.12752167;17710;3
16.99265121;51.09760594;11602;0
17.03082098;51.14420557;23126;3
16.95594482;51.11037651;12112;3
17.03082007;51.12278542;20681;0
17.02869907;51.10139117;10270;0
17.01580755;51.09166809;11346;3
17.02771307;51.16126922;23525;3
17.09480413;51.06901244;25132;3
17.10094743;51.15680316;29518;3
17.01565183;51.05823746;26316;3
17.10180840;51.10220597;24413;0
17.07345129;51.11511855;24202;03
17.01671108;51.08192172;11355;3
17.03657976;51.09726922;21121;3
17.02618394;51.13302312;23102;3
17.07361711;51.11506270;24201;03
17.04505117;51.08920280;21009;03
17.00776912;51.08002507;11305;3
16.98138201;51.06369656;16701;3
17.03849027;51.10378688;10333;3
17.03693772;51.10352717;10332;3
17.06119330;51.11114106;20855;03
16.92299241;51.15687926;18521;3
17.10219215;51.12781415;24015;0
16.84041825;51.12912025;18336;3
17.08041926;51.06946508;25304;3
17.09441960;51.06772802;25117;3
17.02671428;51.10976814;10004;0
16.91294096;51.17341833;18719;3
17.07372026;51.10689464;24401;0
16.97749101;51.09210589;11607;0
17.13089002;51.15166062;29108;3
17.01849744;51.10876071;10553;3
16.98960253;51.08210109;11747;3
17.02659351;51.10983404;10006;0
17.03209808;51.15649940;23541;3
17.11493330;51.14780568;29129;3
17.10445023;51.10655411;24516;3
16.95875130;51.12333306;12542;3
17.04858192;51.11044987;20303;3
17.00695047;51.08468131;11545;3
17.00638480;51.07495405;11314;3
17.02315207;51.08171176;11376;3
17.11683974;51.14506902;29137;3
16.89572297;51.16290433;18708;3
16.91756316;51.15813842;18512;3
17.02153105;51.09422398;11328;3
17.02222742;51.08096990;11236;0
16.89667479;51.16317009;18706;3
17.04001736;51.10114919;20334;3
17.00717329;51.11275480;10506;3
17.06288628;51.11205741;20922;3
17.03288639;51.10743597;10101;3
17.00828924;51.10956762;10543;3
17.00020578;51.08140482;11544;3
17.00266008;51.11435862;10412;0
17.10878688;51.10098890;24507;3
17.09071196;51.10388351;24410;0
17.03264418;51.09712263;11001;0
17.06907505;51.13557577;24146;3
17.06087806;51.11536577;20854;03
16.86252126;51.14275069;18314;3
17.05317017;51.07654639;21137;3
17.05943788;51.04982412;26106;3
16.95854095;51.07211559;17129;3
17.13061327;51.13892645;29304;3
17.04808740;51.10526270;20202;0
17.15718871;51.10156457;24715;3
17.13350760;51.16006249;29540;3
17.02277560;51.17530733;23530;3
17.02023336;51.09006885;11343;3
16.94773920;51.14749239;18516;3
17.00671350;51.07456041;11316;3
16.95826922;51.13248842;12408;0
17.06090705;51.11620810;20853;03
16.86840468;51.14472800;18309;3
16.97697458;51.09058463;11610;0
17.03213387;51.14074741;23016;0
17.08645985;51.11704629;24206;0
17.04481596;51.09004715;21010;03
16.99463489;51.13742811;23203;0
16.87181353;51.14478925;18386;3
17.01249483;51.07363734;11365;3
16.86611126;51.14407170;18392;3
17.02571857;51.06047971;26335;3
16.96884080;51.11014178;12156;3
17.07044450;51.13631426;24145;3
17.04514615;51.09941259;20327;3
16.96855288;51.10914445;12149;3
16.89331065;51.15384926;18738;3
17.02918039;51.09008160;11372;3
16.99448092;51.12142129;12307;3
16.98532848;51.12917181;12317;3
16.95992956;51.11258724;12122;3
17.02259043;51.08151334;11235;0
17.06060873;51.09310936;25002;0
16.99059110;51.12791013;12314;3
17.05288580;51.12279876;20721;3
16.98441134;51.12471323;12304;3
17.05487610;51.12648850;20723;3
16.86353107;51.12479489;18327;3
16.98383051;51.14797411;23308;3
17.10590070;51.16730545;29537;3
16.93637322;51.13792379;18002;0
17.11371681;51.14583872;29121;3
16.99688759;51.09396718;11526;3
17.03728240;51.10368465;10222;03
17.05079812;51.11419934;20931;3
17.12821152;51.14236177;29324;3
17.07204083;51.08519345;25008;03
16.97403940;51.13323407;12712;3
16.94327530;51.10873557;17502;3
17.03285067;51.10702202;10102;3
16.94256247;51.13837957;18111;3
16.96217925;51.07742458;17121;3
17.00060314;51.08951916;11454;0
16.87802906;51.14533453;18011;0
17.03684362;51.12869461;20717;3
16.94895303;51.08708055;17120;3
17.12825847;51.14604468;29133;3
17.01528870;51.11543770;10511;3
16.98943910;51.13235136;12319;3
17.05064579;51.07688832;21027;0
17.09925308;51.10635212;24513;3
16.93954640;51.15331204;18506;3
16.85903016;51.15500963;18356;3
16.88999945;51.14375938;18008;0
17.09740219;51.13647536;24130;3
17.01591361;51.04775359;26345;3
17.00402457;51.11769594;10509;3
17.03666443;51.12813401;20617;0
17.03049651;51.12248945;10603;0
17.00249248;51.09325602;11524;3
16.95744959;51.13277348;12407;0
17.01364505;51.10242083;10245;0
17.09632744;51.10318075;24412;0
17.11121294;51.11546188;24702;3
17.02867193;51.15413748;23523;3
17.14323522;51.10673042;24712;3
17.14095665;51.14468060;29315;3
17.11163430;51.11538525;24701;3
16.84894067;51.13555763;18317;3
16.95817901;51.07854783;17131;3
16.90448911;51.16118037;18703;3
17.04334083;51.10585892;20332;3
17.04513281;51.12436093;20627;03
16.89166728;51.13950551;18145;3
17.12824921;51.15145535;29107;3
17.12473187;51.14658030;29131;3
17.03056017;51.11805751;10654;03
17.10444537;51.15370497;29516;3
16.94106129;51.13714914;18014;0
16.98893292;51.09066943;11654;0
16.94032898;51.13738143;18013;0
17.02053929;51.14775210;23150;3
17.04117731;51.10899835;10119;3
17.05384280;51.12838294;20730;3
16.95807128;51.12405659;12541;3
17.12901857;51.15558308;29522;3
17.15412049;51.10352349;24713;3
17.04415281;51.12391727;20634;0
16.98655581;51.09128154;11727;3
17.00101013;51.11243171;10548;3
17.02925954;51.10165234;10233;0
16.90416774;51.10920957;17510;3
17.09352322;51.05302747;25320;3
17.04595499;51.09979617;20212;0
16.84524263;51.11351768;17734;3
16.87125685;51.14471511;18387;3
17.03998160;51.07716031;21030;0
17.00818654;51.08014492;11214;0
17.09753489;51.06983313;25134;3
17.02139076;51.08977424;11344;3
17.11564093;51.15165155;29502;3
16.90586919;51.14185120;18015;0
17.02364622;51.11696544;10523;3
17.11165182;51.10543862;24518;3
16.96875577;51.13747783;12736;3
17.15474217;51.10335595;24714;3
17.08921450;51.07679045;25142;3
16.99683129;51.07498631;16516;3
17.10333429;51.11364498;24315;3
17.06528881;51.08534689;21162;3
17.05797863;51.13838495;23736;3
17.08160413;51.11943273;24319;3
17.00771969;51.11292785;10406;0
16.98483072;51.12616644;12318;3
17.01333341;51.06838623;16529;3
16.83964368;51.12898030;18335;3
16.95825689;51.14062651;12707;3
16.99920899;51.06767570;16405;0
17.08466996;51.10446678;24408;0
17.05908537;51.13852288;23713;3
16.97803815;51.11424094;12105;3
16.95177714;51.11949148;12142;3
16.97172821;51.13346162;12701;3
17.03189917;51.11726742;10601;03
16.96883677;51.13738753;12738;3
17.02110563;51.09420317;11203;0
16.94754152;51.12198566;12129;3
17.02472450;51.11624154;10556;3
17.03497559;51.12474914;20615;03
17.03270704;51.09531745;21003;0
16.99529000;51.12637660;12311;3
17.03414067;51.08929570;21104;3
17.02475992;51.10182170;10375;3
17.03041633;51.09339306;11036;0
16.95921792;51.13308890;12526;3
17.03503322;51.12431438;20610;03
16.92790798;51.15746735;18527;3
16.88756114;51.16669833;18731;3
17.08249598;51.06374727;25305;3
17.01318436;51.10159521;10385;3
16.98852446;51.14769709;23313;3
17.01249942;51.08713865;11303;3
16.95900179;51.12400883;12544;3
17.02988057;51.14814790;23020;0
17.01660504;51.13611685;23111;3
17.04357891;51.09175622;21123;3
17.05080816;51.08277939;21145;3
16.90824985;51.17425390;18742;3
17.03047301;51.09818469;11322;3
16.89857604;51.11080115;17516;3
16.99719800;51.16918004;23507;3
17.06395198;51.07850556;21022;0
17.11194969;51.13060652;24123;3
17.08107915;51.13951481;24106;3
16.99192456;51.09761219;11601;0
17.03286481;51.09291405;21115;3
17.00708869;51.07473562;11215;0
16.97764001;51.05538513;16718;3
17.08080604;51.13916822;24105;3
16.98676913;51.14481192;23305;3
17.14224172;51.10717597;24711;3
17.00354717;51.06850207;16404;0
17.04528827;51.10019776;20263;0
16.90182076;51.17053566;18720;3
17.03399798;51.12431518;20619;0
17.08907094;51.13201673;24115;3
16.99667087;51.07512230;16515;3
16.97904813;51.13591837;12713;3
17.10846721;51.10115843;24415;0
17.03884383;51.11347912;10025;03
17.06522581;51.13166221;24003;0
17.10232233;51.10220568;24414;0
16.88979777;51.14387282;18007;0
16.85488048;51.12923070;18323;3
17.03689849;51.10512525;10051;0
17.05649989;51.05871291;26103;3
17.14667761;51.15828577;29112;3
17.09819462;51.12969347;24118;3
16.93446029;51.15703171;18508;3
16.95289375;51.07596155;17128;3
16.99309074;51.09765536;11702;3
17.01090988;51.07243751;11367;3
17.03966493;51.10769558;10032;0
17.12650739;51.11670115;24724;3
17.05491954;51.11625304;20803;03
16.90004871;51.14249334;18006;0
17.02125590;51.10686137;10371;3
17.04037965;51.10106446;20321;3
17.07443778;51.13098303;24148;3
17.02664669;51.10794457;10240;0
17.05025152;51.09912756;20214;0
16.91713142;51.10898462;17505;3
17.04282290;51.12407030;20684;0
16.95486964;51.11862307;12125;3
17.05644786;51.05922026;26104;3
17.01738486;51.15143216;23151;3
17.11933747;51.15495660;29539;3
17.08374374;51.06360478;25306;3
17.00688891;51.05891787;26323;3
17.05490525;51.08288545;21157;3
16.87842822;51.14519157;18012;0
17.04578599;51.16284813;23558;3
16.96825341;51.07022608;17116;3
17.06510722;51.13916428;23715;3
17.06767259;51.09710375;25501;3
16.96401266;51.14112633;12610;0
17.03123301;51.14421879;23017;0
17.09399241;51.10626138;24511;3
16.97225648;51.11445016;12114;3
16.89924124;51.16749585;18709;3
17.01590504;51.07430192;11239;0
17.12787400;51.14232533;29326;3
16.92295120;51.12363307;17703;3
17.12441774;51.16186965;29508;3
16.97613239;51.06489632;16705;3
16.99051851;51.08476137;11745;3
17.00885403;51.06794440;16526;3
16.84874162;51.13514821;18318;3
16.96774684;51.12179578;12515;3
16.96479245;51.11376971;12108;3
16.94887638;51.15738763;18525;3
17.04769053;51.10991250;20304;3
16.98742500;51.06540713;16506;3
16.92885963;51.13892607;18017;0
17.01466028;51.09789936;11542;3
17.04642117;51.10157506;20329;3
16.95495766;51.12958934;12523;3
16.95636132;51.13224852;12528;3
16.97388104;51.13273705;12711;3
17.05468321;51.08299207;21015;0
17.04180448;51.08295661;21171;3
16.97291114;51.12251671;12514;3
16.99736432;51.06957334;16504;3
17.02971101;51.10788512;10016;0
16.85533001;51.14170868;18315;3
16.88502053;51.15347079;18125;3
17.03421196;51.11694920;20711;3
16.98975923;51.13220678;12320;3
16.96471815;51.11385799;12107;3
16.99244112;51.09041550;11652;0
17.01784800;51.09160631;11301;3
17.06624315;51.13882375;23716;3
17.13243271;51.15902621;29532;3
17.06520740;51.13176515;24111;3
16.89972510;51.14262875;18005;0
17.09115463;51.04781447;25313;3
17.03857899;51.10840398;10022;03
17.08989673;51.11687491;24207;0
17.09293958;51.06911564;25131;3
16.97108639;51.11923498;12533;3
16.97068639;51.10611533;12150;3
16.97270684;51.13293534;12602;0
17.00574316;51.13507182;23008;03
16.99365991;51.13747773;23302;3
16.89867028;51.13795930;18150;3
17.08484451;51.11199108;24221;0
17.12055035;51.15058006;29119;3
17.04387847;51.09164438;21124;3
17.00798764;51.10111679;11402;03
17.00000936;51.07132849;16502;3
16.92094721;51.14005617;18103;3
17.00044522;51.11606658;10508;3
16.96521794;51.12938769;12537;3
17.01770750;51.10899255;10554;3
17.03221102;51.05505438;26307;3
16.98032861;51.09424076;11659;0
16.94791686;51.14502755;18501;3
17.01013740;51.11990860;10527;3
17.05692794;51.11241850;20814;03
17.05457915;51.12847316;20630;0
16.98037615;51.09375557;11726;3
16.97074817;51.10506379;12153;3
17.12133497;51.11355449;24706;3
17.01617865;51.07477353;11377;3
16.94699382;51.12153714;12130;3
17.04336914;51.11697824;20905;3
16.95695003;51.09637806;17307;3
17.02688314;51.05467455;26311;3
16.97689015;51.13863427;12716;3
17.06430933;51.07866948;21154;3
17.14802053;51.14534175;29926;3
17.08776118;51.13189190;24012;0
17.09154329;51.07045982;25121;3
16.87715945;51.15994896;18375;3
16.93077865;51.12255054;17701;3
16.86536552;51.14809478;18303;3
17.09140065;51.09201659;25505;3
17.03222542;51.06539710;26303;3
17.03530936;51.10000181;10268;0
17.01049203;51.08422089;11211;0
16.99508019;51.17274889;23509;3
16.95045065;51.13609336;12409;0
16.99196391;51.09454007;11722;3
17.02944994;51.13717968;23172;3
17.04188263;51.14636189;23163;3
17.03649766;51.13509930;23122;3
17.01712401;51.09069019;11206;0
17.02072472;51.11215437;10501;3
17.09094843;51.10365177;24523;3
16.96887812;51.13755880;12718;3
16.97151551;51.08424393;11611;0
16.84776040;51.12958463;18321;3
17.00328255;51.06854633;16403;0
17.05556464;51.11278608;20813;03
17.01438581;51.08806240;11318;3
17.06937327;51.08689126;25006;0
17.11334337;51.17252069;29552;3
17.02696354;51.11104770;10003;0
16.97170467;51.11458395;12113;3
17.11010108;51.16698758;29536;3
17.04443946;51.15877892;23556;3
17.06442222;51.15517033;23730;3
17.05074251;51.07953934;21024;03
17.00120681;51.06020181;26330;3
17.03710631;51.10499897;10052;0
16.93024824;51.10954185;17504;3
17.07406088;51.13096532;24008;0
16.98683945;51.05619866;16725;3
17.02174208;51.10651240;10372;3
17.06773330;51.11502086;20808;0
17.03600956;51.08301882;21179;3
17.07267446;51.10742778;24502;3
16.88622016;51.17364397;18724;3
17.03481634;51.12484091;20616;03
17.00358404;51.12609573;10519;3
17.03395188;51.09515077;21034;03
17.02062686;51.14818093;23149;3
17.09144205;51.11360467;24209;0
16.96392836;51.12735148;12538;3
17.01806515;51.08443387;11353;3
17.13440983;51.14293432;29317;3
16.98933554;51.06625409;16505;3
16.95658497;51.13229130;12527;3
17.11961405;51.14964017;29120;3
17.01173244;51.08599179;11210;0
17.02648256;51.10803952;10241;03
17.09437083;51.06793436;25118;3
16.86634895;51.14528561;18311;3
17.13706343;51.14552312;29313;3
17.03409307;51.15651475;23543;3
16.89822747;51.11101789;17517;3
17.00129590;51.11602489;10507;3
17.03500554;51.12097128;20614;03
17.07264144;51.13110934;24147;3
16.95588002;51.11046450;12111;3
17.02919054;51.08940168;21036;0
16.90073956;51.14249314;18106;3
17.00567480;51.08817645;11452;0
17.03538250;51.08570542;21106;3
17.04797301;51.08499034;21125;3
16.88934689;51.14362609;18141;3
16.85637446;51.15123306;18362;3
17.04350323;51.15273404;23552;3
17.03433442;51.09918774;20362;3
17.00632111;51.07188132;16520;3
17.03143115;51.14440986;23125;3
16.86671724;51.14965080;18353;3
17.03382848;51.07775339;21107;3
16.86401211;51.12071056;17717;3
16.96795298;51.13782009;12717;3
17.06489253;51.08997014;25004;03
16.95829172;51.13274736;12503;3
17.04799831;51.10980230;20281;0
16.99764463;51.06154952;16510;3
16.90641445;51.17468603;18741;3
17.08236018;51.09436244;25503;3
16.85391539;51.13996330;18307;3
16.99347664;51.12115900;12302;3
17.09689565;51.06553579;25120;3
17.07363454;51.13788045;24104;3
17.06622813;51.08552628;21161;3
16.94531085;51.14911169;18503;3
16.88172505;51.14478099;18010;0
17.05013266;51.09900454;20213;03
17.07041119;51.07815178;21155;3
17.02790640;51.12672928;10605;0
17.08175747;51.06088509;25307;3
16.94157292;51.10921773;17501;3
16.91876711;51.10887001;17506;3
17.14268590;51.14534727;29927;3
16.94948720;51.10722061;17314;3
17.11536469;51.14659083;29135;3
17.02127763;51.08033771;11375;3
17.06403361;51.11198112;20920;3
16.88757033;51.14058789;18143;3
17.06641438;51.10920637;20817;0
17.03007935;51.09326324;11369;3
17.07956093;51.06170297;25308;3
16.94736665;51.11539027;12134;3
17.06146483;51.11115685;20816;03
16.96924374;51.13515522;12603;0
17.04799911;51.07684539;21133;3
17.14068143;51.15596477;29117;3
17.05367076;51.13786511;23704;3
17.01787963;51.09114940;11302;3
17.00040918;51.11639765;10408;0
16.89369003;51.15967740;18129;3
17.14768519;51.15846669;29111;3
17.01660937;51.08566544;11354;3
17.12810768;51.11479036;24708;3
17.13680366;51.11079770;24721;3
17.00796690;51.11709437;10514;3
16.95053949;51.13594766;12410;0
17.16404547;51.09712199;24718;3
17.04021724;51.12354187;20666;03
16.98598787;51.09612668;11603;0
17.02975953;51.10124069;10269;0
17.06465687;51.09003489;25003;03
16.87195908;51.14486204;18384;3
16.95777519;51.13243116;12504;3
16.97222011;51.08432541;11616;0
16.99057644;51.11362381;12103;3
17.03714800;51.13425313;23011;0
16.96245172;51.09582145;17309;3
17.01248295;51.12199021;10515;3
17.04665540;51.10230055;20330;3
17.11656448;51.15203007;29501;3
16.96299503;51.07425913;17114;3
17.05664692;51.09667952;20316;3
17.03314725;51.13934624;23123;3
16.97279839;51.10097906;12157;3
17.03500926;51.12422936;20609;03
17.02767914;51.16475782;23528;3
17.01767650;51.07644889;11363;3
16.97654068;51.12338985;12512;3
17.07448226;51.13087791;24007;0
17.01233909;51.10225490;10379;3
17.13843222;51.13486011;29306;3
16.96215108;51.09598131;17310;3
17.02100167;51.10767445;10531;3
17.08710828;51.14084185;24108;3
17.02333130;51.09235784;11334;3
17.07795415;51.13158453;24114;3
17.02946782;51.10209016;10365;3
17.04193165;51.07690052;21131;3
17.08044958;51.08000630;25012;0
16.96913354;51.13509598;12604;0
17.04321735;51.15070058;23166;3
16.97750866;51.05521903;16719;3
16.88184696;51.14486321;18110;3
17.06082821;51.11245887;20916;3
17.06052920;51.11145161;20815;03
17.03002354;51.05078956;26310;3
17.05944212;51.04942074;26105;3
17.04611605;51.10172594;20261;0
17.00849309;51.08015988;11306;3
17.06847990;51.14049512;23725;3
16.97771380;51.09229525;11608;0
16.98341999;51.12558233;12303;3
16.91688767;51.15836473;18511;3
16.89935252;51.10790124;17509;3
17.03195223;51.10744994;10001;0
17.03206375;51.10551567;10054;0
16.98032767;51.09407322;11660;0
17.11251249;51.16816833;29538;3
17.02758415;51.12728377;10606;0
17.03383415;51.12473897;20715;3
17.02862771;51.09024330;11371;3
17.01059737;51.06696670;26325;3
17.05609126;51.09710040;20205;03
17.06255177;51.08000340;21019;0
17.03607079;51.10072902;10223;03
17.03060945;51.13758655;23147;3
17.03532723;51.13590432;23141;3
17.09270856;51.14212422;24110;3
17.10183840;51.12896328;24119;3
16.91076029;51.15952402;18702;3
17.01781372;51.11340510;10530;3
17.07673338;51.08127364;25111;3
17.04489110;51.12423910;20628;03
17.03196835;51.09328643;21114;3
17.03156525;51.13955130;23024;0
16.94989298;51.13632485;12506;3
17.01633482;51.09448973;11335;3
17.13335900;51.15986233;29542;3
16.99228621;51.09064675;11743;3
17.04775525;51.10967326;20282;0
16.98464098;51.11429780;12100;3
17.03117681;51.13943100;23130;3
16.99341061;51.11250542;12002;0
17.02156812;51.10737346;10273;0
17.06263025;51.13164733;24102;3
17.07091309;51.14245173;23727;3
17.03398723;51.10863474;10011;0
17.00546436;51.08844530;11539;3
17.06514576;51.13176050;24002;0
16.83343361;51.17612809;18359;3
16.90249311;51.17139565;18712;3
17.03228367;51.09726775;11321;3
17.11642167;51.17341593;29554;3
17.03341338;51.10681208;10008;0
17.04438343;51.15619420;23553;3
17.12241711;51.16042703;29505;3
17.01355789;51.09697782;11531;3
17.02231244;51.09960014;10368;3
16.97828405;51.09307914;11728;3
17.01194431;51.12111187;10516;3
16.86953487;51.12084392;17716;3
17.06149176;51.11581644;20806;03
17.07741786;51.10561429;24403;0
17.11312341;51.12965784;24128;3
17.03410402;51.09922415;20364;3
17.04995779;51.10861026;20291;0
17.12643093;51.14057146;29302;3
16.85460788;51.14095762;18316;3
16.99334357;51.12169768;12301;3
17.01486671;51.11888335;10524;3
17.02496069;51.05650158;26314;3
16.89581440;51.16340065;18705;3
16.96359300;51.14156451;12733;3
16.91906988;51.12351471;17705;3
17.08310670;51.10421689;24503;3
16.94939119;51.09727033;17316;3
16.98735014;51.06566859;16410;0
17.11457890;51.11982281;24727;3
16.96695940;51.13048300;12508;3
16.95378812;51.11865191;12126;3
17.03738306;51.13585096;23131;3
17.00648374;51.11763765;10521;3
17.10167761;51.13416852;24126;3
16.97417252;51.06669831;17118;3
17.04295576;51.09829918;20265;0
16.96080587;51.11235612;12110;3
17.13963071;51.10875626;24709;3
17.02846418;51.08913156;11232;0
17.11117002;51.13146454;24124;3
17.10770451;51.15119711;29529;3
17.05099042;51.07678179;21138;3
16.95508704;51.12621511;12519;3
17.07419875;51.14660856;23719;3
16.86732374;51.14461920;18310;3
16.99188243;51.08798605;11741;3
17.02489396;51.11760369;10650;0
17.03076659;51.12214223;10703;3
16.95209989;51.11943129;12140;3
16.97131837;51.05671427;16720;3
16.96673588;51.16615026;23309;3
17.03088377;51.12255099;20662;0
17.00664634;51.08863475;11538;3
17.00184495;51.07379258;16513;3
17.03647390;51.08806673;21142;3
16.97203013;51.08413311;11730;3
16.98340900;51.06286238;16723;3
17.02240736;51.10393487;10373;3
16.99685490;51.07658633;16518;3
16.94913600;51.14516200;18526;3
17.10867679;51.11000208;24522;3
16.94642908;51.14526428;18532;3
17.08348187;51.07764214;25013;0
17.10221244;51.13393672;24125;3
17.07640350;51.07521301;25302;3
17.00063201;51.08169566;11543;3
17.11937899;51.14380946;29124;3
17.02403150;51.08323683;11373;3
16.93077497;51.14821674;18528;3
16.92668051;51.15751698;18510;3
17.07005902;51.15221328;23724;3
17.11449479;51.14720413;29128;3
17.00574360;51.07155180;16401;0
17.13276175;51.15925383;29530;3
17.02172817;51.10485494;10272;0
16.90920430;51.10871783;17507;3
17.00563442;51.13517296;23007;0
17.08162463;51.11673687;24203;0
17.03218376;51.07000967;26301;3
17.02637624;51.14135997;23146;3
17.04893354;51.10534286;20312;3
17.10504999;51.10569557;24520;3
17.08073915;51.09495429;25504;3
16.95788518;51.13704645;12509;3
17.02727917;51.08953574;11342;3
17.05395751;51.07045604;26102;3
16.98576959;51.09589669;11604;0
16.83307101;51.12351666;18333;3
17.00235255;51.11413879;10411;0
17.01447844;51.07267104;11242;0
17.12758393;51.14228888;29328;3
16.94766133;51.13669884;12411;0
17.02371713;51.11663255;10522;3
17.08783632;51.13202899;24116;3
17.02213126;51.10778010;10255;0
16.87234511;51.14468922;18204;0
17.01749444;51.09114361;11205;0
17.02782453;51.12744511;10705;3
17.03977588;51.07715655;21132;3
16.97890749;51.13638784;12714;3
17.09408707;51.14044693;24129;3
17.04317468;51.13671691;23134;3
16.97676340;51.06323000;16717;3
17.02417517;51.16963737;23532;3
17.02736557;51.16043099;23526;3
17.03516168;51.09962699;20269;03
17.03402157;51.12439227;20620;0
17.12194787;51.11982726;24725;3
17.03175553;51.11723354;10602;03
16.97935153;51.11414542;12106;3
17.03446420;51.09641772;41120;3
17.07296310;51.14578144;23720;3
17.07696046;51.08194351;25009;0
17.02870502;51.15020817;23022;0
17.03927131;51.10060110;20339;3
16.98676750;51.06547473;16409;0
17.10379057;51.11377007;24316;03
17.02169309;51.13950300;23113;3
17.11683720;51.14574363;29100;3
16.94674662;51.11642391;12133;3
16.99616962;51.09844161;11406;03
17.09573702;51.10306382;24525;3
17.03975428;51.14385496;23167;3
17.00376531;51.09341207;11523;3
16.87242207;51.14465926;18202;0
17.05370773;51.07060584;26101;3
17.01259791;51.11303373;10503;3
16.89138750;51.15649295;18128;3
17.02161539;51.10435569;10244;0
16.96790892;51.12158048;12516;3
16.98734081;51.14507167;23311;3
17.01078156;51.09442356;11511;3
17.03509212;51.09724458;21122;3
17.08728567;51.05891295;25309;3
16.96886864;51.07622340;17107;3
16.83774389;51.17146009;18357;3
16.95747725;51.07966645;17126;3
17.08914076;51.07275512;25115;3
16.98712644;51.14432784;23306;3
17.06094560;51.09257429;25101;3
17.02257986;51.10483121;10243;0
16.90522914;51.16084082;18704;3
16.84766226;51.13028535;18330;3
17.02254402;51.10416314;10271;0
16.86956158;51.12095335;17715;3
17.00580891;51.09621770;11513;3
17.12046583;51.15616008;29503;3
16.96079922;51.11245661;12109;3
17.05737577;51.13832129;23738;3
16.94674568;51.14822740;18515;3
17.13636151;51.15378718;29109;3
16.86314011;51.12044673;17718;3
16.88600906;51.12410882;17712;3
17.03990956;51.10891570;10121;3
16.97780357;51.09456981;11711;3
16.97322236;51.09511263;11714;3
17.03653188;51.12864987;20618;0
16.94957549;51.10753140;17313;3
17.01122724;51.13448960;23006;03
17.03726350;51.09964618;20267;0
16.87663946;51.12084476;17714;3
17.04441635;51.10004154;20317;3
16.99292075;51.15127614;23315;3
16.98746677;51.12389404;12203;0
16.85941442;51.15501753;18355;3
17.09129425;51.09211699;25506;3
17.03660109;51.14198501;23161;3
17.03189321;51.10568515;10055;0
17.02762641;51.12671391;10706;3
17.01391218;51.10525798;10384;3
17.09087037;51.10376025;24524;3
17.05107323;51.11611805;20831;0
17.04418633;51.11729729;20904;3
17.05440170;51.08305751;21016;0
17.07698320;51.08204573;25010;0
17.03407404;51.08342441;21178;3
17.04171255;51.11666311;20622;0
16.94853359;51.13683361;12412;0
17.03675168;51.14228770;23162;3
16.96215449;51.12246204;12517;3
16.97552321;51.08763746;11612;0
17.03585352;51.11263198;10013;0
17.04307116;51.15069907;23165;3
17.03224953;51.05428452;26308;3
17.01942397;51.05235180;26344;3
16.99361834;51.12129299;12202;0
17.03231779;51.10412647;10335;3
17.14270608;51.14542836;29928;3
16.87663190;51.12098927;17713;3
16.97791464;51.19284532;23514;3
17.02986740;51.14730363;23127;3
17.04134956;51.12362685;20665;03
17.10271750;51.10278658;24534;3
17.07219405;51.08488582;25007;03
17.01492100;51.07815287;11358;3
17.03913824;51.10005584;20341;3
17.02227192;51.10750719;10256;03
17.04545522;51.10025151;20328;3
17.09700244;51.11382548;24211;0
17.09628152;51.15696048;29517;3
17.01249649;51.09612792;11530;3
17.05147223;51.11715670;20903;3
17.12667101;51.15134349;29114;3
17.05290683;51.13744104;23703;3
17.03498376;51.08508639;21105;3
17.09111971;51.11366915;24210;0
16.89668822;51.16363483;18707;3
16.96488391;51.13773557;12705;3
17.01418454;51.08819750;11208;0
16.86660795;51.14535618;18312;3
17.00081257;51.07202325;16501;3
17.01396140;51.11558682;10512;3
16.99331873;51.09036896;11651;0
17.02063499;51.09365152;11204;0
17.00894872;51.06847910;16525;3
17.09019787;51.07639384;25141;3
17.04056468;51.10733730;30111;3
16.97835280;51.09412628;11712;3
17.04345676;51.12154855;20626;03
17.03054770;51.12288046;20682;0
17.06237296;51.07990017;21149;3
16.98675365;51.06533765;16531;3
17.09510320;51.13938593;24136;3
17.08400560;51.07727815;25014;0
17.09696466;51.10298922;24526;3
17.00669989;51.07438482;11312;3
16.95051131;51.09705870;17315;3
17.02647574;51.10940828;10108;3
16.95307573;51.11952699;12144;3
17.11741143;51.14819287;29115;3
16.97946312;51.09514284;11707;3
17.12095571;51.14677636;29132;3
17.03722631;51.13430261;23181;3
16.87851060;51.16316758;18736;3
17.06511141;51.10971261;20818;0
17.06586816;51.13199305;24144;3
16.96299853;51.12678746;12539;3
17.04421300;51.15648939;23554;3
17.13457317;51.09080888;25514;3
16.89051112;51.16792223;18722;3
17.04487697;51.08626993;21143;3
16.97287923;51.09529513;11713;3
16.96895221;51.06968052;17115;3
17.01564465;51.09696107;11532;3
16.89076861;51.11093721;17512;3
16.99666028;51.06922277;16503;3
16.99213215;51.09033769;11744;3
16.97195270;51.08415099;11734;3
16.94403119;51.10176330;17300;3
16.89771636;51.13787570;18147;3
16.94730978;51.15277053;18524;3
17.03239881;51.06583190;26304;3
16.96770378;51.08120126;17101;3
17.09846129;51.11377084;24323;3
16.98534539;51.09596955;11703;3
16.89891827;51.14284638;18105;3
17.12469012;51.16201253;29509;3
16.97216500;51.08431990;11614;0
16.90608308;51.19174027;18716;3
16.85387079;51.12924421;18324;3
17.06010108;51.11578409;20805;03
16.87816700;51.17785736;18725;3
16.98389947;51.06388182;16702;3
17.05646867;51.13550330;23702;3
17.06749904;51.11363376;20826;03
17.05291232;51.07230328;21135;3
16.84811764;51.13256090;18319;3
16.95013945;51.12330217;12903;3
16.94625051;51.10348246;17302;3
17.01752429;51.11370601;10532;3
17.04955305;51.10863733;20292;0
17.01367324;51.07261838;11241;0
17.02673180;51.08976799;11341;3
16.96540233;51.13905910;12607;0
16.86637819;51.14330572;18389;3
17.00993332;51.09358874;11521;3
17.00670969;51.08797899;11451;0
17.03975323;51.10740167;10111;3
16.89859872;51.16683322;18710;3
17.02362547;51.08431604;11362;3
16.88805774;51.11127473;17513;3
16.97639315;51.06236524;16706;3
16.91215217;51.17352975;18718;3
17.03473242;51.09730552;21120;3
17.03040244;51.05064197;26309;3
17.02321912;51.17576127;23529;3
17.03740190;51.10428012;10221;03
17.10379131;51.11377165;24213;0
16.93351713;51.15755617;18507;3
17.04840295;51.08491312;21011;0
17.03998645;51.09178124;21007;03
17.02566255;51.11698985;10555;3
17.05003487;51.11331718;20812;0
17.05257538;51.12268084;20722;3
17.05331733;51.10060367;20203;03
17.03189460;51.10738093;10002;0
16.99714520;51.16892661;23508;3
16.98892203;51.14840428;23312;3
17.02901762;51.09764730;11332;3
16.97864057;51.06439067;16703;3
16.96724880;51.13060688;12406;0
17.00302028;51.11128152;10546;3
17.08605899;51.11691447;24205;0
17.11846677;51.15003331;29106;3
17.03161103;51.09203383;21126;3
16.87346308;51.15543246;18373;3
17.02568208;51.08445774;11374;3
17.01240251;51.17558777;23533;3
17.05548910;51.09728078;20326;3
16.89340009;51.13893649;18146;3
17.05657091;51.09625391;20206;03
16.94763157;51.15305201;18523;3
17.01055622;51.06671770;26326;3
17.06823853;51.09723133;25502;3
17.02451640;51.09216005;11333;3
17.08816611;51.13184919;24011;0
17.05740455;51.11947637;20852;03
16.94011137;51.15293053;18505;3
17.03533345;51.12029020;20613;03
16.93899342;51.15490004;18517;3
16.88863062;51.11176520;17515;3
17.03323230;51.09518419;21033;03
17.02550516;51.11752537;10649;0
17.09846397;51.10642819;24514;3
16.90899382;51.12612060;17708;3
17.02144329;51.10729913;10274;0
17.05048962;51.08291661;21013;0
16.99494618;51.12047966;12300;3
16.87860037;51.17746147;18726;3
17.02635152;51.13316389;23001;03
17.02539105;51.09780921;11201;0
17.07833767;51.13058526;24132;3
17.03376462;51.09409024;21004;03
17.01074357;51.07262001;11368;3
17.05485837;51.12800133;20724;3
17.03107522;51.14420506;23018;0
17.08001002;51.08015951;25011;0
17.01559688;51.17767644;23519;3
17.09931760;51.15692694;29519;3
16.94818894;51.13668835;12532;3
16.92138879;51.13977492;18004;0
17.10706554;51.09340199;25508;3
17.03423151;51.07839616;21108;3
17.07506203;51.13794923;24103;3
16.98093922;51.09470298;11606;0
17.04372305;51.12167038;20625;03
17.00945618;51.06439694;26327;3
16.86663735;51.14943623;18354;3
17.10165475;51.12895884;24120;3
17.00862040;51.09505331;11512;3
17.05996513;51.11162272;20820;03
16.99968964;51.08952194;11554;3
17.09241238;51.07606087;25146;3
17.09315923;51.05321184;25319;3
17.00336693;51.16219630;23503;3
17.10515942;51.10647275;24515;3
16.86044908;51.15001330;18306;3
16.91170779;51.12576942;17735;3
17.05538489;51.11021212;20822;03
17.02507515;51.14123864;23116;3
17.00601881;51.07185778;16519;3
16.92685948;51.12119173;17726;3
17.09328259;51.14178277;24107;3
17.01500657;51.07431824;11366;3
17.03999779;51.14422121;23168;3
16.98641641;51.09225858;11724;3
17.05022000;51.10852214;20301;3
17.00895544;51.10911360;10544;3
17.10467088;51.15433703;29515;3
16.88903391;51.14328049;18142;3
16.91425948;51.12608325;17729;3
17.11315605;51.16935747;29551;3
17.10639726;51.16554378;29535;3
17.02754049;51.13304740;23002;03
17.12227612;51.11346113;24705;3
17.03238677;51.11375617;10015;03
16.96527395;51.13899898;12608;0
16.97757738;51.07649816;17125;3
17.03870108;51.10852890;10021;03
16.97212113;51.12932556;12403;0
17.04602267;51.12446167;20635;0
16.84667105;51.12997925;18331;3
17.12150619;51.15966415;29506;3
17.02472382;51.11624383;10652;0
16.99850862;51.06085695;26320;3
17.10389412;51.11428508;24214;0
16.88135830;51.16512921;18734;3
16.97302313;51.12016717;12530;3
17.11618549;51.11419978;24703;3
17.14574035;51.10523266;24720;3
17.03096835;51.12250509;20661;0
17.03257554;51.07152504;26302;3
16.94155278;51.09892531;17304;3
17.06296697;51.14011669;23709;3
17.06393826;51.07859749;21152;3
16.87639269;51.14632714;18122;3
16.95033009;51.14350037;18402;0
17.10726048;51.09335431;25507;3
16.86596485;51.14419425;18391;3
16.86729062;51.14650081;18352;3
16.99859156;51.16594798;23506;3
16.87746502;51.16038314;18376;3
16.90339067;51.17214981;18711;3
17.04834927;51.10422372;20318;3
17.10238142;51.10211137;24505;3
17.03605266;51.08793678;21141;3
16.93099623;51.12245081;17702;3
16.94264083;51.13810893;18112;3
17.03226643;51.06181264;26305;3
16.93628353;51.13811943;18102;3
17.00108848;51.11231448;10413;0
17.02336250;51.10523614;10374;3
17.05187036;51.12232394;20669;03
16.89888582;51.13745743;18148;3
17.09126995;51.07090077;25122;3
17.03634282;51.12791701;20718;3
17.02661079;51.05488161;26312;3
16.99669307;51.12604300;12312;3
17.01604357;51.04766333;26346;3
17.07521470;51.14916729;23721;3
16.92093474;51.13992473;18003;0
16.92227467;51.13978493;18104;3
17.05549333;51.11013807;20821;03
16.90762761;51.17442895;18743;3
17.06265171;51.08018469;21020;0
17.05109533;51.11746286;20902;3
17.01001833;51.12528857;10517;3
17.05050289;51.07968933;21025;0
17.01571816;51.07393743;11240;0
17.12100930;51.16024874;29531;3
16.94995024;51.12383898;12911;3
16.89906431;51.10501111;17511;3
17.12546922;51.14178404;29321;3
17.07799874;51.12011088;24300;3
17.04833897;51.10488489;20201;0
17.02997429;51.08356422;21176;3
17.13507912;51.09049579;25513;3
16.85652207;51.12023350;17720;3
17.11894802;51.14954430;29116;3
16.95344812;51.14360635;18536;3
17.01195540;51.11277560;10404;0
16.91014068;51.15979716;18701;3
17.00474346;51.06876836;16512;3
17.01942982;51.13378955;23003;0
17.13841951;51.10952888;24710;3
16.99341779;51.12148278;12201;0
16.97483997;51.12255312;12529;3
16.86569238;51.14609501;18341;3
17.01205045;51.06970630;16521;3
17.09232560;51.05115761;25311;3
17.08387718;51.10429048;24504;3
17.10242505;51.10266013;24533;3
16.86689897;51.14303093;18390;3
17.02010903;51.10416467;10377;3
17.01092065;51.12361427;10518;3
17.07818456;51.08137056;25109;3
16.87602438;51.14562830;18121;3
17.12621166;51.16429300;29543;3
16.97284737;51.09572256;11716;3
17.08801326;51.07402037;25116;3
17.03284995;51.09182185;21130;3
16.97286531;51.13300141;12601;0
16.94802237;51.13665143;12531;3
17.09640613;51.10308181;24411;0
17.06020391;51.08367677;21017;0
17.03396739;51.11709299;20612;0
17.05132478;51.11362323;20909;3
16.95255994;51.11137875;12132;3
16.99423155;51.11256664;12102;3
16.95967441;51.11249543;12121;3
16.97047495;51.05623720;16721;3
16.92236630;51.15816022;18530;3
16.97383436;51.07616146;17109;3
17.03993819;51.09193393;21008;03
16.97286656;51.12879129;12502;3
17.06043420;51.11161059;20823;03
17.04302504;51.09819421;20266;0
17.10726011;51.14511350;29101;3
16.95805983;51.11467300;12124;3
17.10579419;51.13315883;24122;3
17.04623809;51.07704717;21028;0
17.01244095;51.10209878;10246;0
17.06938922;51.15276260;23723;3
17.04563743;51.10785646;20302;3
17.10857941;51.15068559;29528;3
17.03668680;51.13634341;23121;3
17.00241579;51.16255855;23504;3
16.90605299;51.14173792;18016;0
17.11553608;51.15060557;29511;3
17.04800132;51.08321632;21174;3
17.01169777;51.15743592;23157;3
17.06364922;51.07813327;21021;0
17.05329449;51.07326549;21136;3
17.13131987;51.13837251;29303;3
16.96665219;51.13667401;12606;0
17.06030348;51.07714638;21159;3
17.00125422;51.09921643;11504;3
16.94127460;51.09886443;17303;3
16.91914727;51.16391627;18513;3
16.98747792;51.12405370;12305;3
16.96573633;51.13119201;12507;3
16.96410836;51.07817452;17103;3
16.88501455;51.12409390;17727;3
17.00666442;51.07527186;11307;3
17.04662154;51.10225480;20262;0
16.99118380;51.09476878;11721;3
16.93836624;51.14673581;18519;3
17.00764649;51.07573943;11308;3
16.96160457;51.12237750;12518;3
16.98512599;51.12982715;12315;3
16.86364103;51.12471209;18326;3
17.03941049;51.11266094;10024;03
17.02934999;51.10803083;10017;0
17.07643687;51.08256797;25108;3
17.09026038;51.11696790;24318;3
16.83735434;51.17156190;18358;3
17.02694812;51.11120324;10005;03
17.03428118;51.09644160;41119;3
16.83302338;51.12327478;18334;3
17.11143505;51.14583174;29104;3
17.12714684;51.11655953;24723;3
17.13567921;51.14296098;29318;3
17.03267540;51.09167159;21160;3
16.94892827;51.10530935;17311;3
17.07947189;51.13161876;24010;0
17.08323144;51.06042990;25316;3
17.00040711;51.13666861;23110;3
17.04201805;51.11940012;20624;03
17.03185662;51.10563583;10053;0
17.09805406;51.12973220;24013;0
16.97261146;51.13269580;12702;3
16.92851914;51.13898109;18132;3
17.00679663;51.08765458;11540;3
17.11354402;51.17299526;29553;3
17.00353097;51.11742620;10510;3
17.07789820;51.10556077;24404;0
17.01432280;51.06771883;16524;3
17.06930279;51.08661610;25135;3
17.03246238;51.05969148;26321;3
17.06927620;51.06412507;26116;3
17.04397819;51.09867145;20370;3
17.02175706;51.17529205;23535;3
17.04320481;51.14910418;23169;3
16.96676952;51.13625531;12704;3
17.02721709;51.11197224;10104;03
17.03685191;51.09722373;20352;3
16.98773894;51.12366598;12204;0
17.00041963;51.08962653;11453;0
16.95496468;51.12986588;12524;3
17.00470361;51.17144576;23517;3
16.99609657;51.15259928;23314;3
17.01806625;51.10858063;10541;3
17.04925293;51.08399136;21146;3
17.08011358;51.06959553;25303;3
16.99466755;51.17312991;23510;3
17.07283232;51.10703992;24501;3
16.97228865;51.08432805;11618;0
16.86630560;51.14587111;18342;3
17.02528013;51.08435772;11233;0
17.12924828;51.15555195;29521;3
17.01452168;51.09653971;11541;3
17.01882654;51.10851106;10542;3
16.95297263;51.11987073;12143;3
16.87893051;51.14950606;18124;3
17.06247149;51.08016153;21150;3
17.04638052;51.10604848;20313;3
16.98421285;51.14781585;23307;3
17.02391701;51.10016749;10367;3
16.88886440;51.14410079;18107;3
17.06469609;51.06512827;26114;3
17.04104209;51.11751339;20906;3
17.10268882;51.10190147;24506;3
17.03338605;51.12439011;20607;0
17.12905109;51.14653012;29312;3
17.12089128;51.15018013;29113;3
16.86625088;51.12056552;17724;3
17.03171004;51.09812538;11320;3
16.88144939;51.14490859;18009;0
16.89489676;51.15402867;18737;3
17.09007458;51.11682539;24317;3
17.00162010;51.07374873;16514;3
16.86468372;51.15171390;18350;3
16.96952346;51.06811337;17119;3
17.06112029;51.09277408;25102;3
17.03671246;51.13401659;23012;0
17.06504860;51.11271349;20925;3
16.92164014;51.15764670;18518;3
16.97599125;51.12784782;12322;3
17.02896675;51.10093905;10234;0
17.03529442;51.08389468;21118;3
17.14098084;51.14400826;29316;3
17.13049347;51.14617784;29311;3
17.12319844;51.14184923;29322;3
17.04623752;51.07704659;21134;3
17.03957331;51.11276876;10023;03
17.00705597;51.05896981;26324;3
17.06477615;51.14166292;23710;3
17.00953891;51.09413048;11535;3
17.07135333;51.14381467;23728;3
17.00565942;51.05968911;26317;3
16.99021439;51.14230816;23303;3
16.84759355;51.13066300;18329;3
17.13676112;51.15414956;29110;3
16.90589198;51.19808296;18717;3
17.03323476;51.12422902;20558;3
16.88379955;51.12362295;17711;3
17.01255153;51.08607102;11351;3
17.05758582;51.13551116;23731;3
17.04199506;51.14702209;23164;3
17.02227718;51.05680034;26341;3
17.03551983;51.09969271;20268;0
16.98670185;51.09138454;11658;0
17.04844659;51.12674064;20632;03
17.00656862;51.07488361;11310;3
17.05294166;51.12191848;20670;03
16.86935503;51.14666145;18371;3
17.03083308;51.12279072;20782;3
17.05774933;51.09668400;20315;3
17.15771110;51.10140926;24716;3
17.02567781;51.14245937;23145;3
16.92800023;51.10980370;17503;3
16.90595745;51.14183972;18114;3
16.96866980;51.08179031;17102;3
17.01767753;51.11370895;10536;3
17.03063782;51.10374948;10232;03
17.12181613;51.11974086;24726;3
16.88278896;51.12319259;17728;3
16.95282316;51.08711509;17111;3
16.95019981;51.10608200;17312;3
16.94496108;51.12119681;12127;3
17.13303339;51.09192753;25519;3
17.03611767;51.09337720;21005;03
17.00753451;51.11772042;10513;3
16.97623109;51.12796320;12402;0
16.86065777;51.12968026;18325;3
17.02140867;51.11121824;10534;3
17.03946697;51.08334362;21172;3
17.01988582;51.13365374;23004;03
16.96602103;51.13011803;12540;3
16.92905866;51.13881871;18018;0
17.05965811;51.08372385;21018;0
16.95297767;51.14377760;18537;3
16.98993508;51.12852062;12313;3
17.05036028;51.11690106;20900;3
16.99465412;51.06674369;16408;03
17.06885171;51.07828269;21156;3
17.03920150;51.10027769;20345;3
16.97142510;51.12940516;12404;0
17.01644372;51.07455746;11378;3
16.99130995;51.09750859;11701;3
16.97098858;51.08399350;11729;3
16.98631833;51.09602762;11704;3
16.98076730;51.09476661;11605;0
17.01465516;51.08873881;11207;0
17.02702921;51.06086322;26336;3
17.03338221;51.09937187;11339;3
16.98048278;51.07678443;17123;3
16.98126206;51.09462766;11706;3
17.05777339;51.13497136;23701;3
17.09101957;51.04770880;25314;3
16.95156781;51.11942073;12138;3
17.09871941;51.11386787;24324;3
17.10791441;51.14544971;29102;3
16.97814172;51.19330454;23513;3
16.87306982;51.15526287;18374;3
17.01793246;51.10895555;10552;3
17.03175984;51.13955500;23023;0
17.07346452;51.10708821;24402;0
17.02628857;51.09955033;11319;3
17.03938397;51.10095620;20343;3
17.02641602;51.08354909;21175;3
16.99955400;51.06761642;16406;03
17.00896044;51.15840948;23502;3
17.02222943;51.11213440;10452;0
17.01882928;51.05183318;26343;3
17.06828287;51.08750139;25005;0
